{
  "classification": {
    "accuracy": 0.9305740987983978,
    "precision": 0.9339245514734786,
    "recall": 0.9227165151628929,
    "f1": 0.9277697086372032,
    "auc": null,
    "ap": null,
    "seed": 42,
    "train_time": 877.3906364440918,
    "device": "cpu",
    "model": "StructuralGNN",
    "using_internal_classifier": true
  },
  "link_prediction": {
    "accuracy": 0.8654589371980677,
    "precision": 0.9576527525710828,
    "recall": 0.7647342995169082,
    "f1": 0.8503894708568359,
    "auc": 0.9769147471352889,
    "ap": 0.9672043541103961,
    "seed": 42,
    "pretrain_time": 858.6568653583527,
    "finetune_time": 9.059334754943848,
    "link_pred_time": 9.674434185028076,
    "device": "cpu",
    "model": "StructuralGNN",
    "using_internal_classifier": true
  }
}