{
  "classification": {
    "accuracy": 0.9586114819759679,
    "precision": 0.9604544812601048,
    "recall": 0.9558551325721054,
    "f1": 0.9578996414023541,
    "auc": null,
    "ap": null,
    "seed": 42,
    "train_time": 67.92983412742615,
    "device": "cuda",
    "model": "StructuralGNN",
    "using_internal_classifier": true
  },
  "link_prediction": {
    "accuracy": 0.8572781065088757,
    "precision": 0.9545317675398977,
    "recall": 0.7502958579881657,
    "f1": 0.84018022793533,
    "auc": 0.972497489583698,
    "ap": 0.9610528205573483,
    "seed": 42,
    "train_time": 67.92983412742615,
    "device": "cuda",
    "model": "StructuralGNN",
    "using_internal_classifier": true
  }
}