{
  "classification": {
    "accuracy": 0.9539385847797063,
    "precision": 0.9546176885672175,
    "recall": 0.9523282833760113,
    "f1": 0.9534239376213434,
    "auc": null,
    "ap": null,
    "seed": 42,
    "train_time": 1128.0571718215942,
    "device": "cpu",
    "model": "StructuralGNN",
    "using_internal_classifier": true
  },
  "link_prediction": {
    "accuracy": 0.8899826514103039,
    "precision": 0.9672341717461874,
    "recall": 0.8073136975887409,
    "f1": 0.8800679983000425,
    "auc": 0.9693432883087585,
    "ap": 0.9704805193154162,
    "seed": 42,
    "pretrain_time": 1056.1777129173279,
    "finetune_time": 23.705864667892456,
    "link_pred_time": 48.173590421676636,
    "device": "cpu",
    "model": "StructuralGNN",
    "using_internal_classifier": true
  }
}