{
  "classification": {
    "accuracy": 0.8796172674677347,
    "precision": 0.8759616549410512,
    "recall": 0.8680309738103846,
    "f1": 0.8715711168962428,
    "auc": null,
    "ap": null,
    "seed": 42,
    "train_time": 6.580695867538452,
    "device": "cuda",
    "model": "StructuralGNN"
  },
  "link_prediction": {
    "accuracy": 0.6488633727673394,
    "precision": 0.9569241723033108,
    "recall": 0.3117606123869172,
    "f1": 0.47030006123698714,
    "auc": 0.9166915796045578,
    "ap": 0.9102595048282742,
    "seed": 42,
    "train_time": 6.580695867538452,
    "device": "cuda",
    "model": "StructuralGNN"
  }
}