{
  "classification": {
    "accuracy": 0.9479305740987984,
    "precision": 0.9494036099412604,
    "recall": 0.9447674870012699,
    "f1": 0.9468940465884146,
    "auc": null,
    "ap": null,
    "seed": 42,
    "train_time": 929.6597049236298,
    "device": "cpu",
    "model": "StructuralGNN",
    "using_internal_classifier": true
  },
  "link_prediction": {
    "accuracy": 0.9054785255326344,
    "precision": 0.9590352220520674,
    "recall": 0.8471423740277308,
    "f1": 0.8996229125516251,
    "auc": 0.9802586938543884,
    "ap": 0.97026782924532,
    "seed": 42,
    "pretrain_time": 886.7135920524597,
    "finetune_time": 21.743870735168457,
    "link_pred_time": 21.202239751815796,
    "device": "cpu",
    "model": "StructuralGNN",
    "using_internal_classifier": true
  }
}