{
  "classification": {
    "accuracy": 0.9619492656875834,
    "precision": 0.9634709228801808,
    "recall": 0.9618250201339132,
    "f1": 0.9626296061745889,
    "auc": null,
    "ap": null,
    "seed": 42,
    "train_time": 966.0374240875244,
    "device": "cpu",
    "model": "StructuralGNN",
    "using_internal_classifier": true
  },
  "link_prediction": {
    "accuracy": 0.8928716408216286,
    "precision": 0.9538548114800225,
    "recall": 0.8256880733944955,
    "f1": 0.8851560120109665,
    "auc": 0.9727254781372187,
    "ap": 0.9699753411717809,
    "seed": 42,
    "pretrain_time": 919.2008802890778,
    "finetune_time": 20.764012575149536,
    "link_pred_time": 26.072529315948486,
    "device": "cpu",
    "model": "StructuralGNN",
    "using_internal_classifier": true
  }
}