dataset,num_nodes,num_edges,avg_degree,density,avg_clustering,assortativity,diameter,homophily,bc_mean,bc_max,bc_std,cc_mean,cc_max,cc_std,ec_mean,ec_max,ec_std,pr_mean,pr_max,pr_std
Synthetic,945,1495,3.164021164021164,0.003351717334768182,0.0028605022255815907,-0.0396346946223707,14,0.20866666734218597,0.005612431698938878,0.03970642603367007,0.005869746142287534,0.1606164687710135,0.19961936984563333,0.016038003387376928,0.024161371226598376,0.1798384181945752,0.021792929402795265,0.001058201058201058,0.002800053117214864,0.00043103035923583606
Facebook,22470,171002,15.220471740097908,0.000677398715568023,0.3597383824426949,0.08505802105736318,15,0.885439932346344,0.00017686058263220345,0.11578961033283586,0.0012502663645538692,0.2056618861687242,0.3241578301954844,0.02968771581792261,0.0013117296614051923,0.17781707337310623,0.006541028375844381,4.450378282153983e-05,0.0013222997573515275,4.734847229982557e-05
Email,986,16687,33.84787018255578,0.034363319982290134,0.4070504475195386,-0.011915598533675301,7,0.3631848692893982,0.001612737626846002,0.09082135184037173,0.004618794329111625,0.39446404120869627,0.584916864608076,0.05468779042896202,0.02009496817951053,0.16584610525626134,0.024718631093928377,0.0010141987829614604,0.009245743648581778,0.0009465146792346086
GitHub,37700,289003,15.331724137931035,0.0004066878203117068,0.1675370448010758,-0.07521713413904481,11,0.8453441858291626,5.958960702518373e-05,0.2695992678587705,0.0019499182974406172,0.313667247491002,0.5230814058359118,0.04080620806594353,0.0023728574264697076,0.3559489551662744,0.004571137804163299,2.652519893899202e-05,0.016513889880936806,0.0001302418738409438
