{
  "classification": {
    "accuracy": 0.9668446817979528,
    "precision": 0.9658964260953473,
    "recall": 0.9630839067070186,
    "f1": 0.9644127607163617,
    "auc": null,
    "ap": null,
    "seed": 42,
    "train_time": 75.48074460029602,
    "device": "cuda",
    "model": "StructuralGNN",
    "using_internal_classifier": true
  },
  "link_prediction": {
    "accuracy": 0.7760570584223687,
    "precision": 0.9856043187043887,
    "recall": 0.5602977949533985,
    "f1": 0.7144461755860719,
    "auc": 0.8887030593734209,
    "ap": 0.9143381889913903,
    "seed": 42,
    "train_time": 75.48074460029602,
    "device": "cuda",
    "model": "StructuralGNN",
    "using_internal_classifier": true
  }
}