{
  "classification": {
    "accuracy": 0.9574988874054294,
    "precision": 0.9587060537557535,
    "recall": 0.9530609481078616,
    "f1": 0.9556934094247145,
    "auc": null,
    "ap": null,
    "seed": 42,
    "train_time": 66.980548620224,
    "device": "cuda",
    "model": "StructuralGNN",
    "using_internal_classifier": true
  },
  "link_prediction": {
    "accuracy": 0.8877240446398377,
    "precision": 0.964358039692183,
    "recall": 0.8052079810618871,
    "f1": 0.8776262440103206,
    "auc": 0.9811688193609015,
    "ap": 0.9733036395896434,
    "seed": 42,
    "train_time": 66.980548620224,
    "device": "cuda",
    "model": "StructuralGNN",
    "using_internal_classifier": true
  }
}