{
  "classification": {
    "accuracy": 0.9548286604361371,
    "precision": 0.9550473479454059,
    "recall": 0.9537702162251676,
    "f1": 0.9543833419125476,
    "auc": null,
    "ap": null,
    "seed": 42,
    "train_time": 884.9416561126709,
    "device": "cpu",
    "model": "StructuralGNN",
    "using_internal_classifier": true
  },
  "link_prediction": null
}