{
  "classification": {
    "accuracy": 0.9492656875834445,
    "precision": 0.9488103826381389,
    "recall": 0.9450560147698441,
    "f1": 0.9468601260424133,
    "auc": null,
    "ap": null,
    "seed": 42,
    "train_time": 931.9971079826355,
    "device": "cpu",
    "model": "StructuralGNN",
    "using_internal_classifier": true
  },
  "link_prediction": null
}